;accountId;id;name;profileIconId;revisionDate;summonerLevel
0;200251919;338710;LF ARDENT XD;548;1528624680000;48
0;201006266;1803707;CrazyKolobok;1105;1529185492000;82
0;200025507;67344;Hays;549;1529199618000;105
0;204516556;13364441;Zihao Uzi Jian;3480;1529091489000;58
0;200633878;1212228;БОРЯ БАКУГАН;1;1528812095000;61
0;200063213;132075;Qas;538;1529185019000;93
0;201467081;3221784;ObaN TheDarkneSS;3380;1529132048000;130
0;200241983;325689;SUPRAAAA;3376;1529175367000;125
0;200484135;939709;I Fenya I;585;1529093003000;94
0;200134556;256015;MostWilded;3496;1529198048000;120
0;200307055;470853;DmuTpy21;1630;1528841337000;44
0;203890662;12561973;starlord121;3496;1529177988000;54
0;202432362;5420417;Dimil;1413;1528814483000;84
0;205011153;14740137;MiPadreEsPutin;673;1529068403000;60
0;200179739;283953;Казахский Лучник;502;1529166043000;73
0;200208610;304264;ArsenalVitek;523;1528481112000;77
0;203500669;10641633;Драчyн;2092;1529184336000;90
0;201260276;2602723;ЮрецМамкинСамец;1447;1529121084000;85
0;200187025;296780;Воруй полоскай;1389;1529150191000;106
0;201492128;3290397;Remains of Life;1053;1529180760000;78
0;200132822;255293;Kyoli;3464;1529167377000;84
0;200135096;246591;FrenkyTrump;7;1529191425000;138
0;203443698;10410143;lllllllllllllll;3002;1529164030000;64
0;205006037;14730143;Bridgeman;3453;1529169027000;49
0;200155413;273967;Bladesurge;3160;1529105350000;84
0;203442679;10351301;Dreamwalkér;3381;1529172823000;51
0;200101526;163588;EkleDank;3376;1529154774000;107
0;202084901;4052181;Jakza;27;1529160546000;48
0;202869128;6781982;Heart of Gold;1665;1529179814000;91
0;200291735;394147;Shah;1386;1529018542000;68
0;202843503;6741509;Lil Rick;3000;1529190589000;158
0;202641925;6020523;Zima1347;1665;1529116045000;63
0;201507912;3292534;mimi;21;1529000422000;111
0;203171358;9080163;ONE TRICK DIGGER;507;1528929620000;70
0;202476280;5551394;istunltc;6;1528988945000;72
0;204473709;13372499;TheWhiteRabbit21;7;1529180760000;58
0;202226816;4601310;Kumiho Kitsune;3018;1528641562000;127
0;202078313;4050888;Hi Im AlexN13;3368;1527939959000;59
0;203994649;12533283;youkknowwho;3496;1529160546000;46
0;200334133;483823;Ходячий Похмелец;1388;1529190024000;149
0;200084089;142709;KEK;970;1529193490000;123
0;200182031;284960;Garbаge Adc;3380;1528967851000;63
0;202687606;6171068;2 Axes 1 Draven;1670;1529137941000;87
0;200094185;170957;MegaHill;22;1529073643000;97
0;201267877;2633700;MaxSettings;1644;1529191859000;162
0;202399087;5340506;LCS Ðupliënce;3353;1529162638000;62
0;200681910;1228150;Eleinoys;1640;1529167656000;102
0;200250676;328768;Karambis;6;1528794908000;57
0;200774692;1431081;ZerooBat;3453;1529170011000;101
0;204591210;13441988;Woofer;933;1529171603000;68
0;201998494;3753560;Kill in second;23;1529017317000;57
0;201464112;3221151;NovaBlast;1637;1529149232000;104
0;200641276;1243208;Cyvorovec;3016;1529169859000;103
0;200042216;95455;Kuroukihime Chan;3457;1529179812000;122
0;200037955;83628;bronyaw;3205;1529184336000;116
0;200885180;1710257;ЭЛО ЭКСКАЛИБУР;3366;1529189849000;83
0;200257745;410717;Treeantokai;523;1529194246000;104
0;200853531;1643647;Coldfeeling;721;1529167775000;42
0;200023654;76351;Зря влюбилась;3102;1529174058000;119
0;201322929;2820191;Halturshik;3493;1529079133000;121
0;200242831;335536;Challenger Girl;3166;1529145611000;121
0;200611128;3001375;KayCMan;550;1528804542000;48
0;200207723;313748;Ермак;3496;1529174545000;64
0;203438870;10311062;P1xeLG4mer;1382;1529102313000;112
0;200030516;79790;Maynard J Keenan;939;1529189437000;103
0;201546432;3341177;Morvan;1113;1529054621000;136
0;200104736;174823;Sosiskin;2087;1528986451000;91
0;201344165;2872633;Predator Nunu;1591;1529163907000;160
0;200309778;471255;Lamapama;745;1529160419000;70
0;203256724;9630133;PoorLostSouls;3366;1529073643000;59
0;200158075;265399;ЕгоLLIkoльница;3495;1529152365000;172
0;200200983;311624;Лили Троллдрин;1296;1529189341000;45
0;200664970;1246699;Tomascool;3149;1529087280000;111
0;200694396;1331232;Call me in LCS;1665;1529094272000;121
0;202363238;5170161;CALLING DESTINY;974;1529172823000;47
0;204626789;13660224;Onetrick Oneshot;3350;1529171603000;82
0;200011147;60199;ShingыZzZ;3169;1529026693000;74
0;200051495;100617;ЩЩЩЩЩЩЩЩЩЩЩЩЩЩЩЩ;3494;1529195073000;50
0;200496844;962443;SøuL;3464;1529169027000;96
0;201125784;2122613;Eternal Hater;7;1529114532000;174
0;200125113;242472;G Ezreal ;3459;1529177478000;141
0;205010226;14730144;Rize;7;1528653344000;54
0;200128454;253705;DestrXXX;1630;1529154765000;121
0;204009685;12533868;Polkagrisen;684;1529192738000;59
0;200531873;958893;Сашка Слай;568;1529172143000;142
0;200122328;211036;DeRzKuI;3375;1529042813000;73
0;200146383;270482;mafi;3158;1529184489000;65
0;200099883;173006;iKenzo;2073;1528883090000;72
0;205009609;14740136;FemdomJanna;1596;1529163322000;43
0;200253173;339189;Time24;3453;1529160419000;45
0;200481622;872138;MyChickBad;3018;1529023714000;157
0;202015808;3785520;PRiNCE Nidhogg;3374;1529189096000;128
0;204938707;14320159;Nepodtverjdenniy;529;1528491833000;62
0;200248896;337765;Лелуш Британский;641;1529199789000;115
0;203927719;12401575;kapitanpomidor10;1113;1529017317000;42
0;203726544;11951039;Kl1ker;1387;1528745146000;77
0;203937317;12530513;Tacozzz;1633;1529019196000;45
0;200486478;950293;no vision GG;3152;1529185614000;108
0;200023657;66458;159;954;1529189613000;113
0;200047472;88714;TopGlad;27;1529179819000;57
0;200328769;493222;GottorNiceUIt;625;1529152720000;117
0;200868771;1670504;Sаvior1947;578;1529088369000;119
0;203346377;9880206;PoorLostSoulsV2;3207;1529000796000;40
0;203399239;10111077;Right Сlick;3183;1529182513000;121
0;203487927;10560745;BulochkaisWifu;3018;1529171705000;97
0;200079669;150200;Sаyonara boy;3160;1529190663000;199
0;200075429;138237;Карл Франц;2087;1529088481000;99
0;200123735;252007;Отец Евгений;3232;1528754604000;52
0;200117733;179709;edvinture;3522;1529187672000;197
0;200366347;517140;Vorbex;3157;1529131359000;147
0;200023607;66391;Cloud Connected;1637;1528929626000;147
0;200511687;955257;044 Rоse;564;1529152940000;135
0;200237983;324341;Hyperiоn;1637;1529175683000;135
0;205003945;14740135;Farbenfuchs;1301;1528956628000;61
0;203706964;11960125;Sissor;1301;1528956628000;95
0;204810706;14031330;Low Elo Scrub;3453;1529180760000;48
0;200471634;946128;Guilt;3455;1529186038000;159
0;204777339;13862615;ДмитрийКПСС;3496;1529199618000;46
0;200237591;333900;Sorrow King;1152;1529176820000;89
0;203175362;9080169;Ced;1616;1529153124000;66
0;200014278;71826;Даниил Фанцест;3227;1529172823000;84
0;200146558;260981;Pinokew;1428;1529109836000;79
0;201553905;3341845;oh yeah senpai;3149;1529172143000;124
0;200377296;650136;Fenozepam;3381;1529177744000;52
0;200142620;258974;June story;3150;1528715944000;114
0;200029416;79141;Chum;778;1529146523000;55
0;204186882;12841041;sikvdilis dghe;3233;1529162160000;39
0;203947762;12511104;Godly Kryos;3163;1529091647000;41
0;200048576;89169;ESKETIT;3379;1528307276000;76
0;200020366;74922;Chewbacca;3175;1529145176000;73
0;200233843;322898;Cabrooooooooon;1301;1529190986000;43
0;200202388;312086;MachoTomacho;3379;1529199588000;86
0;202676839;6120133;Katarko;3184;1529091498000;130
0;202417436;5293217;CoRtez;1644;1528928445000;37
0;200253124;339119;MasterVo Rus;1149;1528655868000;47
0;200104283;164661;SeaN014;3301;1529080002000;102
0;203917789;12380217;Zarackkk IC 1101;7;1529089894000;55
0;200032774;90950;Artin;1042;1529151466000;82
0;200046591;88300;romangall23;577;1529094474000;91
0;200210265;314666;Loneg;581;1529177988000;148
0;201339683;2832797;Трисс;1643;1529195728000;145
0;200040105;84686;Black Agate;690;1529167260000;86
0;200440265;790427;LF House;550;1529180593000;170
0;200798088;1561831;x Grizz x;3453;1528913889000;84
0;204562652;13490667;Lesnik iz Latvii;933;1529170929000;74
0;201531420;3310289;bak1ajan;901;1528923906000;113
0;204186436;12811045;koprtoр;3453;1529185824000;99
0;200069164;124872;Onigiri Senpai;3497;1529182632000;117
0;204335648;13122209;Yujee;986;1529096121000;97
0;200042074;85890;SevenJin;3160;1529179687000;98
0;200071547;126061;Inting expert;1594;1529079285000;120
0;203951125;12450681;Zhang Ri Tian;3337;1529171603000;141
0;200144528;181688;Розовая Орхидея;745;1529183361000;141
0;202129960;4191212;Tonres;743;1529157598000;135
0;203248884;9610126;Close;3496;1529160419000;75
0;204894276;14330124;Buzz;1563;1529085390000;57
0;200833775;1632499;boy gánk team;987;1529174945000;83
0;200062367;121593;Gentleman Jhin;1105;1529199917000;207
0;201461522;3220469;purple messiah;4;1529013977000;48
0;200748649;1410266;пусто;3150;1529150219000;121
0;203625530;11580151;Fisha;870;1528997327000;67
0;200853655;1663635;Nerrazuro;3205;1528998801000;52
0;202266481;4741988;PVP Hellstaff;3376;1529076006000;121
0;200706774;1302913;Viktor Komarov;3495;1529182374000;55
0;200037518;83413;Alex Feo;3496;1529178415000;73
0;200042079;95446;Lavezzi27;7;1528976574000;66
0;200501808;883732;Лёха Элджей;684;1529187257000;86
0;200496224;952364;Dеath Wish;3226;1529057831000;52
0;200515437;955970;xDamagerx;3453;1529081662000;78
0;200879208;1684814;ZakAntihype;828;1529194088000;89
0;203544667;10841875;Ginoragood;24;1529199618000;44
0;202279590;4841586;Khada KIZAYA 15;3184;1529172256000;94
0;200911164;1754607;H3r3WeG0;564;1529173568000;56
0;200566625;1034273;KeeperOfTheWind;0;1529180493000;64
0;200280716;382756;JesusMarkChrist;2094;1528972215000;117
0;200111501;167207;Alex Suvorov;3453;1529071985000;63
0;201479244;3223705;ztMandarinkO;3453;1528495425000;116
0;200569386;1044769;Cэм;3159;1529180622000;120
0;202751690;6500254;Lady Lulu;3374;1529199917000;199
0;201320607;2782918;Slayer l33t;3163;1529147527000;59
0;200194659;299504;UlqCifer;3153;1529195728000;103
0;203174928;9090175;Veronica Maggio;972;1528929620000;96
0;200307902;511157;ЭЛО ТРАВМАТ;3379;1529192067000;102
0;203022068;8360509;sooomka;1301;1529174939000;99
0;201520884;3304293;Hommelwombl;588;1529152365000;47
0;200624650;1191214;Чёрная Орхидея;1452;1529087588000;122
0;203419941;10280159;Silas Greaves;3102;1529092050000;134
0;200885073;1750440;Ира Титаренко ;3380;1529159453000;90
0;201073403;2070362;Impefеr;3466;1529162160000;69
0;201554904;3342036;AllGoneHot;1428;1529184868000;184
0;204021925;12534224;tempname17036571;1640;1528827676000;61
0;202408730;5302220;HitomiLove;3229;1529190589000;104
